a√±o,codigo snies del programa,graduados,id genero,semestre
2004,2,37,1,1
2004,3,15,2,1
2004,4,23,1,1
2004,5,37,2,1
2004,6,11,1,1
2004,7,85,1,1
2004,8,7,2,1
2004,9,6,2,1
2004,10,12,2,1
2004,11,42,2,1
2004,12,12,2,1
2004,13,42,2,1
2004,14,39,1,1
2004,15,21,1,1
2004,16,13,2,1
2004,17,51,1,1
2004,18,63,2,1
2004,19,68,2,1
2004,20,16,2,1
2004,21,5,1,1
2004,22,8,2,1
2004,23,27,2,1
2004,24,31,2,1
2004,25,50,1,1
2004,26,58,2,1
2004,27,46,2,1
2004,28,57,1,1
2004,29,87,2,1
2004,30,42,1,1
2004,31,21,2,1
2004,32,20,2,1
2004,33,19,1,1
2004,34,28,1,1
2004,35,15,1,1
2004,36,45,1,1
2004,37,44,2,1
2004,39,2,1,1
2004,41,1,2,1
2004,42,11,2,1
2004,46,8,1,1
2004,47,1,2,1
2004,48,5,2,1
2004,50,1,2,1
2004,51,6,2,1
2004,55,7,1,1
2004,57,4,1,1
2004,58,2,1,1
2004,62,2,2,1
2004,63,1,2,1
2004,64,2,1,1
2004,71,3,1,1
2004,74,4,1,1
2004,75,2,2,1
2004,76,1,1,1
2004,77,5,2,1
2004,79,3,1,1
2004,80,6,1,1
2004,81,1,1,1
2004,82,9,1,1
2004,84,1,2,1
2004,85,7,1,1
2004,87,4,2,1
2004,88,1,2,1
2004,89,7,2,1
2004,90,2,1,1
2004,91,2,1,1
2004,92,2,2,1
2004,93,2,2,1
2004,94,4,1,1
2004,95,1,1,1
2004,96,1,1,1
2004,97,1,1,1
2004,98,3,2,1
2004,99,2,2,1
2004,100,4,2,1
2004,101,1,1,1
2004,102,10,1,1
2004,103,4,1,1
2004,104,2,1,1
2004,105,1,2,1
2004,106,8,2,1
2004,107,3,1,1
2004,108,5,1,1
2004,109,2,2,1
2004,111,2,2,1
2004,113,11,2,1
2004,114,3,2,1
2004,115,1,1,1
2004,116,3,1,1
2004,117,108,2,1
2004,118,19,2,1
2004,119,27,1,1
2004,120,15,2,1
2004,121,54,1,1
2004,122,22,1,1
2004,123,30,2,1
2004,124,25,2,1
2004,125,60,2,1
2004,126,7,1,1
2004,127,56,1,1
2004,129,1,2,1
2004,131,2,1,1
2004,134,8,2,1
2004,135,1,1,1
2004,140,1,1,1
2004,142,7,1,1
2004,143,2,2,1
2004,146,5,1,1
2004,147,2,2,1
2004,148,1,2,1
2004,149,1,2,1
2004,151,3,1,1
2004,152,4,2,1
2004,155,3,1,1
2004,156,4,2,1
2004,157,1,2,1
2004,158,5,1,1
2004,159,6,2,1
2004,162,1,1,1
2004,166,2,1,1
2004,167,3,2,1
2004,168,1,1,1
2004,169,1,2,1
2004,171,4,2,1
2004,172,1,2,1
2004,173,1,2,1
2004,174,3,2,1
2004,176,2,2,1
2004,177,9,2,1
2004,178,23,2,1
2004,179,49,1,1
2004,180,11,1,1
2004,181,7,2,1
2004,182,7,2,1
2004,186,8,1,1
2004,187,4,2,1
2004,188,4,2,1
2004,189,24,1,1
2004,190,7,2,1
2004,191,8,1,1
2004,192,1,1,1
2004,193,19,1,1
2004,208,12,2,1
2004,210,19,2,1
2004,211,8,1,1
2004,212,20,2,1
2004,213,27,1,1
2004,214,24,2,1
2004,215,21,1,1
2004,216,11,1,1
2004,217,29,1,1
2004,218,18,1,1
2004,223,6,1,1
2004,224,2,1,1
2004,226,4,2,1
2004,227,1,2,1
2004,230,1,1,1
2004,231,51,1,1
2004,232,3,2,1
2004,233,40,1,1
2004,234,19,1,1
2004,235,53,2,1
2004,236,51,1,1
2004,238,32,1,1
2004,257,7,2,1
2004,259,1,1,1
2004,260,1,2,1
2004,263,1,1,1
2004,265,9,1,1
2004,267,19,2,1
2004,268,2,2,1
2004,270,5,1,1
2004,271,2,2,1
2004,272,3,1,1
2004,273,6,1,1
2004,275,1,2,1
2004,276,4,1,1
2004,279,2,1,1
2004,280,24,1,1
2004,281,39,2,1
2004,282,1,1,1
2004,283,10,1,1
2004,285,12,2,1
2004,290,3,2,1
2004,291,46,2,1
2004,292,12,2,1
2004,294,31,1,1
2004,295,5,2,1
2004,296,29,2,1
2004,297,1,1,1
2004,300,2,2,1
2004,303,2,1,1
2004,305,1,2,1
2004,319,1,2,1
2004,320,8,2,1
2004,324,1,1,1
2004,326,8,2,1
2004,329,2,1,1
2004,330,10,2,1
2004,331,1,2,1
2004,334,11,2,1
2004,335,17,1,1
2004,336,13,2,1
2004,338,9,1,1
2004,339,14,1,1
2004,340,35,2,1
2004,341,7,1,1
2004,342,21,1,1
2004,343,8,1,1
2004,347,2,1,1
2004,348,16,1,1
2004,360,24,2,1
2004,361,11,1,1
2004,362,12,2,1
2004,363,22,2,1
2004,364,11,2,1
2004,365,18,1,1
2004,366,2,1,1
2004,367,2,1,1
2004,368,4,1,1
2004,370,2,2,1
2004,372,5,1,1
2004,374,2,1,1
2004,376,2,1,1
2004,377,1,1,1
2004,378,2,1,1
2004,379,1,1,1
2004,380,4,2,1
2004,381,7,2,1
2004,382,7,1,1
2004,383,1,1,1
2004,384,1,2,1
2004,385,11,2,1
2004,386,3,2,1
2004,387,2,2,1
2004,388,2,1,1
2004,390,3,2,1
2004,391,2,1,1
2004,393,7,1,1
2004,395,1,2,1
2004,396,2,2,1
2004,401,54,1,1
2004,403,25,2,1
2004,404,10,1,1
2004,405,4,2,1
2004,406,4,1,1
2004,407,1,1,1
2004,408,1,1,1
2004,410,1,2,1
2004,411,4,2,1
2004,412,2,2,1
2004,413,11,2,1
2004,415,17,2,1
2004,417,10,2,1
2004,418,2,2,1
2004,420,16,1,1
2004,427,67,2,1
2004,428,111,1,1
2004,429,25,2,1
2004,430,48,1,1
2004,431,20,1,1
2004,433,36,1,1
2004,435,37,2,1
2004,436,20,2,1
2004,437,22,2,1
2004,438,14,2,1
2004,439,29,2,1
2004,440,47,1,1
2004,441,4,2,1
2004,442,6,1,1
2004,444,5,2,1
2004,445,1,1,1
2004,446,4,1,1
2004,447,20,2,1
2004,448,5,1,1
2004,449,1,1,1
2004,450,12,2,1
2004,451,6,2,1
2004,452,1,2,1
2004,455,3,1,1
2004,456,49,2,1
2004,459,1,1,1
2004,467,1,1,1
2004,471,1,2,1
2004,472,1,2,1
2004,476,2,1,1
2004,483,1,2,1
2004,484,1,2,1
2004,488,3,1,1
2004,489,2,2,1
2004,490,1,2,1
2004,491,1,1,1
2004,492,4,2,1
2004,494,11,1,1
2004,503,1,2,1
2004,504,1,2,1
2004,507,6,2,1
2004,508,3,1,1
2004,512,6,2,1
2004,514,3,2,1
2004,515,1,2,1
2004,516,2,2,1
2004,519,3,2,1
2004,530,30,1,1
2004,531,37,1,1
2004,532,16,2,1
2004,534,23,1,1
2004,535,9,1,1
2004,536,6,1,1
2004,537,17,1,1
2004,538,55,2,1
2004,540,7,1,1
2004,542,1,2,1
2004,549,19,1,1
2004,550,5,2,1
2004,551,7,1,1
2004,552,6,2,1
2004,553,26,2,1
2004,554,11,1,1
2004,555,11,2,1
2004,558,25,2,1
2004,560,1,1,1
2004,563,8,2,1
2004,565,14,2,1
2004,567,49,1,1
2004,568,20,2,1
2004,569,4,2,1
2004,570,4,2,1
2004,571,36,1,1
2004,572,13,2,1
2004,575,12,2,1
2004,576,1,2,1
2004,577,8,1,1
2004,578,1,1,1
2004,579,28,1,1
2004,583,12,2,1
2004,585,16,2,1
2004,586,35,2,1
2004,587,33,2,1
2004,588,13,2,1
2004,589,12,2,1
2004,590,14,1,1
2004,591,26,2,1
2004,593,10,1,1
2004,594,5,2,1
2004,595,6,2,1
2004,596,17,1,1
2004,598,1,2,1
2004,599,1,1,1
2004,604,3,1,1
2004,608,1,2,1
2004,609,2,1,1
2004,610,2,1,1
2004,611,3,1,1
2004,612,2,2,1
2004,613,1,1,1
2004,614,1,1,1
2004,615,7,2,1
2004,618,2,1,1
2004,621,3,2,1
2004,622,4,2,1
2004,623,12,1,1
2004,626,17,1,1
2004,627,14,1,1
2004,629,3,2,1
2004,634,5,1,1
2004,636,2,1,1
2004,637,1,1,1
2004,638,1,1,1
2004,639,3,1,1
2004,640,3,1,1
2004,641,6,1,1
2004,642,6,1,1
2004,645,3,1,1
2004,648,2,2,1
2004,651,2,2,1
2004,652,1,2,1
2004,655,2,2,1
2004,656,4,1,1
2004,658,3,1,1
2004,660,18,1,1
2004,662,4,1,1
2004,663,4,2,1
2004,665,1,1,1
2004,666,5,1,1
2004,668,3,2,1
2004,669,4,1,1
2004,670,1,1,1
2004,672,2,1,1
2004,673,2,1,1
2004,674,1,2,1
2004,676,4,1,1
2004,678,2,1,1
2004,682,2,2,1
2004,683,107,1,1
2004,684,5,2,1
2004,685,11,1,1
2004,686,26,1,1
2004,687,22,2,1
2004,688,25,1,1
2004,689,3,1,1
2004,690,22,1,1
2004,691,5,2,1
2004,692,14,2,1
2004,693,13,2,1
2004,694,123,1,1
2004,695,5,1,1
2004,696,80,1,1
2004,697,21,1,1
2004,698,52,1,1
2004,699,12,1,1
2004,700,40,2,1
2004,701,32,2,1
2004,702,21,2,1
2004,703,37,2,1
2004,704,7,2,1
2004,705,10,2,1
2004,706,11,1,1
2004,707,24,1,1
2004,709,2,1,1
2004,710,3,1,1
2004,711,2,1,1
2004,712,1,1,1
2004,713,2,2,1
2004,714,4,1,1
2004,715,17,1,1
2004,716,2,2,1
2004,718,2,1,1
2004,719,7,1,1
2004,721,1,2,1
2004,726,2,2,1
2004,727,5,2,1
2004,728,3,2,1
2004,729,8,1,1
2004,730,15,1,1
2004,731,8,1,1
2004,732,6,1,1
2004,733,3,1,1
2004,734,29,1,1
2004,737,3,1,1
2004,738,43,1,1
2004,739,79,2,1
2004,740,45,2,1
2004,741,59,2,1
2004,742,2,1,1
2004,744,3,2,1
2004,745,2,2,1
2004,746,3,2,1
2004,747,82,1,1
2004,748,20,2,1
2004,751,1,1,1
2004,754,2,1,1
2004,756,7,2,1
2004,757,14,2,1
2004,758,3,2,1
2004,760,1,2,1
2004,767,4,2,1
2004,771,2,2,1
2004,772,12,1,1
2004,775,1,2,1
2004,777,12,2,1
2004,778,1,1,1
2004,779,5,1,1
2004,780,6,2,1
2004,782,11,1,1
2004,786,65,1,1
2004,787,36,2,1
2004,789,64,2,1
2004,790,19,1,1
2004,794,10,1,1
2004,795,4,2,1
2004,796,5,1,1
2004,797,30,1,1
2004,798,217,2,1
2004,799,18,2,1
2004,800,5,2,1
2004,801,31,1,1
2004,802,209,1,1
2004,804,10,2,1
2004,805,15,2,1
2004,806,6,2,1
2004,807,13,2,1
2004,808,37,1,1
2004,809,159,2,1
2004,810,20,1,1
2004,811,18,2,1
2004,816,2,1,1
2004,817,8,2,1
2004,818,15,2,1
2004,819,3,1,1
2004,822,30,2,1
2004,823,24,2,1
2004,824,8,1,1
2004,825,4,2,1
2004,827,1,1,1
2004,829,13,2,1
2004,830,8,2,1
2004,831,1,2,1
2004,832,10,2,1
2004,833,1,2,1
2004,835,37,2,1
2004,841,1,1,1
2004,842,25,2,1
2004,844,2,1,1
2004,845,1,1,1
2004,847,9,2,1
2004,851,9,2,1
2004,852,2,1,1
2004,855,56,1,1
2004,857,29,2,1
2004,860,7,2,1
2004,862,32,1,1
2004,865,15,1,1
2004,866,100,1,1
2004,867,13,1,1
2004,870,20,1,1
2004,871,29,1,1
2004,872,12,1,1
2004,873,15,1,1
2004,879,8,1,1
2004,880,8,2,1
2004,882,2,1,1
2004,883,17,1,1
2004,884,1,2,1
2004,885,9,1,1
2004,898,3,2,1
2004,902,15,1,1
2004,906,4,2,1
2004,907,2,1,1
2004,908,4,1,1
2004,910,29,2,1
2004,911,41,2,1
2004,912,17,1,1
2004,913,20,1,1
2004,915,50,2,1
2004,916,25,2,1
2004,917,57,1,1
2004,918,23,1,1
2004,919,32,2,1
2004,920,36,1,1
2004,922,17,1,1
2004,923,6,1,1
2004,924,4,1,1
2004,925,48,2,1
2004,926,16,2,1
2004,927,490,2,1
2004,933,3,1,1
2004,935,9,2,1
2004,937,11,1,1
2004,939,2,1,1
2004,940,1,2,1
2004,943,24,1,1
2004,944,51,2,1
2004,945,63,1,1
2004,946,11,1,1
2004,947,42,2,1
2004,948,4,1,1
2004,949,80,2,1
2004,950,43,2,1
2004,951,72,1,1
2004,952,39,2,1
2004,955,3,1,1
2004,956,12,2,1
2004,957,7,1,1
2004,958,15,1,1
2004,959,47,1,1
2004,960,44,1,1
2004,961,93,1,1
2004,962,83,1,1
2004,964,17,2,1
2004,967,9,2,1
2004,968,3,1,1
2004,969,1,1,1
2004,970,1,2,1
2004,972,3,1,1
2004,973,11,2,1
2004,974,1,2,1
2004,975,1,1,1
2004,977,2,2,1
2004,979,2,2,1
2004,981,2,1,1
2004,982,1,2,1
2004,983,1,2,1
2004,986,2,1,1
2004,990,5,1,1
2004,991,1,1,1
2004,992,42,1,1
2004,997,5,2,1
2004,1001,16,2,1
2004,1002,11,1,1
2004,1003,35,1,1
2004,1005,13,2,1
2004,1009,34,2,1
2004,1012,48,1,1
2004,1016,5,2,1
2004,1017,2,2,1
2004,1018,2,1,1
2004,1019,2,1,1
2004,1020,7,1,1
2004,1025,12,2,1
2004,1027,19,1,1
2004,1028,5,1,1
2004,1029,5,2,1
2004,1030,10,2,1
2004,1032,5,1,1
2004,1034,6,1,1
2004,1035,4,2,1
2004,1036,2,2,1
2004,1038,1,1,1
2004,1039,73,2,1
2004,1040,52,2,1
2004,1041,49,2,1
2004,1042,16,1,1
2004,1043,39,2,1
2004,1044,87,1,1
2004,1051,5,2,1
2004,1052,4,2,1
2004,1054,9,2,1
2004,1059,4,1,1
2004,1061,1,2,1
2004,1069,1,2,1
2004,1070,2,1,1
2004,1071,12,2,1
2004,1073,15,1,1
2004,1074,11,2,1
2004,1075,8,1,1
2004,1076,5,1,1
2004,1077,7,2,1
2004,1082,10,1,1
2004,1097,16,1,1
2004,1098,48,1,1
2004,1099,25,1,1
2004,1101,14,2,1
2004,1102,10,1,1
2004,1103,53,2,1
2004,1104,33,1,1
2004,1108,4,1,1
2004,1110,47,2,1
2004,1112,69,2,1
2004,1113,107,1,1
2004,1114,79,1,1
2004,1116,8,2,1
2004,1117,8,1,1
2004,1121,6,2,1
2004,1123,14,1,1
2004,1125,58,1,1
2004,1127,32,2,1
2004,1129,15,1,1
2004,1131,63,2,1
2004,1136,3,2,1
2004,1137,4,2,1
2004,1138,12,1,1
2004,1139,1,1,1
2004,1141,1,1,1
2004,1142,11,2,1
2004,1143,103,2,1
2004,1144,85,1,1
2004,1145,13,2,1
2004,1146,69,1,1
2004,1147,28,2,1
2004,1148,41,2,1
2004,1149,10,2,1
2004,1150,31,1,1
2004,1151,40,2,1
2004,1152,39,2,1
2004,1153,2,1,1
2004,1154,33,1,1
2004,1155,20,1,1
2004,1156,3,1,1
2004,1158,24,2,1
2004,1163,12,1,1
2004,1164,21,2,1
2004,1166,23,2,1
2004,1169,29,1,1
2004,1170,16,2,1
2004,1174,14,2,1
2004,1175,35,2,1
2004,1176,30,1,1
2004,1177,8,1,1
2004,1178,8,2,1
2004,1179,33,2,1
2004,1180,76,2,1
2004,1181,12,1,1
2004,1182,57,2,1
2004,1183,12,2,1
2004,1186,30,1,1
2004,1189,4,2,1
2004,1190,11,1,1
2004,1191,36,2,1
2004,1192,201,2,1
2004,1193,33,2,1
2004,1195,40,1,1
2004,1196,68,1,1
2004,1197,3,1,1
2004,1199,12,1,1
2004,1200,9,2,1
2004,1201,45,2,1
2004,1202,22,1,1
2004,1203,6,2,1
2004,1204,9,2,1
2004,1205,67,2,1
2004,1206,1,1,1
2004,1208,1,2,1
2004,1216,8,2,1
2004,1217,3,1,1
2004,1218,29,2,1
2004,1219,13,2,1
2004,1220,26,2,1
2004,1222,1,1,1
2004,1223,13,1,1
2004,1224,3,1,1
2004,1227,2,1,1
2004,1229,1,2,1
2004,1233,3,1,1
2004,1236,38,2,1
2004,1237,43,1,1
2004,1238,37,2,1
2004,1239,52,1,1
2004,1244,47,2,1
2004,1245,159,2,1
2004,1246,19,2,1
2004,1247,27,1,1
2004,1248,38,1,1
2004,1249,39,1,1
2004,1250,19,2,1
2004,1251,4,1,1
2004,1252,56,1,1
2004,1254,55,2,1
2004,1255,26,2,1
2004,1258,1,2,1
2004,1260,8,1,1
2004,1267,8,2,1
2004,1268,2,2,1
2004,1269,24,2,1
2004,1270,48,2,1
2004,1271,34,2,1
2004,1272,80,1,1
2004,1273,41,2,1
2004,1274,30,1,1
2004,1275,8,1,1
2004,1276,81,1,1
2004,1277,17,2,1
2004,1293,23,1,1
2004,1294,8,2,1
2004,1295,48,2,1
2004,1296,1,2,1
2004,1297,10,1,1
2004,1298,12,1,1
2004,1299,33,1,1
2004,1300,2,2,1
2004,1301,3,1,1
2004,1302,1,1,1
2004,1303,2,1,1
2004,1305,4,2,1
2004,1307,1,2,1
2004,1308,1,1,1
2004,1309,1,1,1
2004,1310,1,2,1
2004,1311,3,2,1
2004,1312,2,2,1
2004,1315,6,2,1
2004,1316,2,2,1
2004,1317,1,2,1
2004,1318,1,1,1
2004,1320,1,1,1
2004,1323,42,2,1
2004,1324,12,1,1
2004,1325,5,2,1
2004,1326,10,1,1
2004,1328,30,2,1
2004,1329,79,1,1
2004,1330,1,2,1
2004,1331,25,2,1
2004,1332,15,2,1
2004,1334,11,2,1
2004,1336,54,1,1
2004,1337,48,2,1
2004,1338,71,1,1
2004,1340,16,2,1
2004,1342,1,2,1
2004,1346,36,1,1
2004,1347,13,2,1
2004,1348,25,1,1
2004,1349,20,2,1
2004,1350,43,2,1
2004,1357,1,2,1
2004,1361,88,1,1
2004,1365,2,2,1
2004,1366,13,2,1
2004,1367,1,2,1
2004,1368,8,2,1
2004,1369,8,2,1
2004,1373,4,1,1
2004,1380,124,2,1
2004,1381,224,1,1
2004,1382,73,1,1
2004,1383,80,2,1
2004,1384,62,1,1
2004,1386,52,2,1
2004,1387,11,2,1
2004,1388,8,1,1
2004,1389,7,1,1
2004,1399,23,2,1
2004,1400,29,2,1
2004,1402,5,1,1
2004,1409,17,1,1
2004,1412,17,2,1
2004,1414,4,2,1
2004,1415,14,1,1
2004,1430,86,1,1
2004,1432,1,1,1
2004,1433,68,1,1
2004,1434,22,1,1
2004,1439,52,1,1
2004,1440,1,1,1
2004,1441,3,2,1
2004,1442,24,2,1
2004,1443,60,2,1
2004,1444,104,2,1
2004,1445,5,1,1
2004,1446,79,1,1
2004,1447,17,2,1
2004,1448,15,2,1
2004,1449,23,2,1
2004,1450,46,2,1
2004,1453,12,2,1
2004,1458,23,2,1
2004,1459,2,2,1
2004,1461,11,2,1
2004,1463,19,1,1
2004,1464,3,1,1
2004,1465,26,1,1
2004,1466,2,1,1
2004,1471,1,2,1
2004,1475,115,1,1
2004,1476,100,2,1
2004,1477,28,1,1
2004,1478,1,1,1
2004,1480,39,2,1
2004,1482,1,1,1
2004,1483,178,1,1
2004,1484,80,1,1
2004,1486,3,1,1
2004,1487,57,1,1
2004,1488,19,2,1
2004,1489,1,2,1
2004,1492,48,1,1
2004,1493,35,2,1
2004,1498,69,1,1
2004,1503,148,1,1
2004,1510,4,1,1
2004,1511,4,1,1
2004,1512,93,2,1
2004,1513,26,2,1
2004,1516,11,1,1
2004,1517,1,2,1
2004,1518,29,1,1
2004,1519,14,2,1
2004,1520,15,1,1
2004,1523,8,1,1
2004,1527,13,1,1
2004,1528,2,2,1
2004,1531,27,1,1
2004,1532,10,2,1
2004,1533,36,2,1
2004,1534,31,1,1
2004,1535,62,2,1
2004,1536,23,1,1
2004,1537,8,2,1
2004,1538,2,2,1
2004,1539,24,2,1
2004,1540,32,2,1
2004,1541,13,1,1
2004,1542,110,2,1
2004,1543,33,1,1
2004,1544,20,2,1
2004,1545,20,2,1
2004,1546,6,1,1
2004,1547,7,1,1
2004,1548,10,2,1
2004,1553,37,1,1
2004,1554,25,2,1
2004,1556,23,1,1
2004,1559,10,2,1
2004,1564,15,1,1
2004,1566,2,1,1
2004,1568,8,1,1
2004,1573,6,2,1
2004,1574,19,2,1
2004,1575,31,2,1
2004,1578,64,2,1
2004,1579,11,1,1
2004,1580,4,1,1
2004,1581,13,1,1
2004,1582,10,1,1
2004,1585,2,1,1
2004,1595,25,1,1
2004,1596,104,1,1
2004,1598,171,1,1
2004,1599,33,1,1
2004,1610,54,1,1
2004,1613,6,1,1
2004,1614,73,2,1
2004,1615,62,2,1
2004,1621,8,2,1
2004,1626,11,1,1
2004,1630,1,1,1
2004,1635,9,2,1
2004,1636,7,2,1
2004,1638,2,2,1
2004,1639,9,2,1
2004,1640,21,2,1
2004,1641,68,2,1
2004,1643,27,1,1
2004,1644,2,1,1
2004,1646,2,1,1
2004,1650,49,2,1
2004,1651,42,1,1
2004,1652,28,2,1
2004,1653,13,1,1
2004,1654,124,2,1
2004,1655,8,2,1
2004,1656,38,2,1
2004,1657,50,2,1
2004,1658,12,1,1
2004,1671,40,2,1
2004,1673,86,1,1
2004,1676,42,1,1
2004,1677,101,2,1
2004,1678,2,1,1
2004,1679,26,2,1
2004,1680,81,2,1
2004,1681,439,2,1
2004,1682,26,1,1
2004,1683,21,1,1
2004,1684,30,2,1
2004,1687,33,2,1
2004,1688,482,1,1
2004,1689,20,1,1
2004,1690,5,1,1
2004,1691,4,1,1
2004,1694,7,2,1
2004,1696,41,1,1
2004,1698,3,2,1
2004,1699,19,2,1
2004,1702,13,1,1
2004,1703,4,2,1
2004,1705,1,1,1
2004,1706,70,2,1
2004,1707,9,1,1
2004,1726,3,1,1
2004,1727,148,1,1
2004,1729,14,1,1
2004,1731,27,2,1
2004,1734,5,1,1
2004,1735,1,2,1
2004,1736,1,1,1
2004,1737,5,2,1
2004,1738,3,2,1
2004,1739,7,2,1
2004,1741,8,1,1
2004,1742,8,1,1
2004,1749,23,1,1
2004,1751,17,1,1
2004,1752,25,2,1
2004,1754,64,2,1
2004,1755,67,1,1
2004,1758,1,1,1
2004,1759,25,2,1
2004,1760,27,2,1
2004,1762,32,2,1
2004,1763,41,2,1
2004,1764,20,2,1
2004,1765,92,2,1
2004,1770,61,1,1
2004,1775,45,2,1
2004,1776,42,2,1
2004,1777,75,2,1
2004,1779,65,1,1
2004,1780,18,1,1
2004,1781,3,1,1
2004,1782,4,2,1
2004,1783,2,2,1
2004,1784,2,2,1
2004,1785,1,2,1
2004,1786,4,1,1
2004,1787,7,1,1
2004,1789,2,1,1
2004,1790,4,2,1
2004,1792,5,1,1
2004,1793,4,1,1
2004,1794,3,2,1
2004,1795,1,2,1
2004,1796,3,1,1
2004,1798,1,1,1
2004,1799,12,1,1
2004,1800,3,2,1
2004,1801,6,2,1
2004,1802,2,1,1
2004,1805,1,2,1
2004,1807,13,2,1
2004,1813,1,2,1
2004,1814,22,1,1
2004,1816,1,1,1
2004,1823,1,1,1
2004,1824,1,2,1
2004,1828,65,2,1
2004,1829,3,2,1
2004,1830,4,2,1
2004,1831,1,2,1
2004,1832,46,2,1
2004,1834,29,2,1
2004,1836,3,2,1
2004,1838,88,1,1
2004,1839,15,1,1
2004,1840,36,2,1
2004,1843,42,2,1
2004,1845,52,2,1
2004,1846,10,2,1
2004,1853,15,2,1
2004,1855,24,2,1
2004,1870,51,1,1
2004,1874,58,1,1
2004,1880,46,1,1
2004,1881,7,1,1
2004,1882,26,2,1
2004,1883,19,1,1
2004,1886,101,2,1
2004,1887,32,1,1
2004,1888,74,2,1
2004,1889,7,1,1
2004,1890,18,2,1
2004,1891,2,1,1
2004,1892,162,2,1
2004,1893,176,2,1
2004,1894,19,2,1
2004,1895,33,1,1
2004,1896,28,2,1
2004,1897,20,2,1
2004,1915,7,2,1
2004,1916,2,2,1
2004,1924,2,1,1
2004,1925,147,1,1
2004,1935,39,1,1
2004,1936,12,2,1
2004,1937,2,2,1
2004,1938,2,1,1
2004,1939,1,2,1
2004,1940,6,1,1
2004,1941,1,1,1
2004,1943,97,2,1
2004,1944,14,1,1
2004,1946,6,2,1
2004,1947,3,1,1
2004,1952,1,2,1
2004,1955,1,1,1
2004,1956,6,2,1
2004,1958,175,1,1
2004,1959,6,1,1
2004,1980,70,1,1
2004,1981,23,1,1
2004,1982,12,2,1
2004,1984,22,1,1
2004,1992,9,2,1
2004,1996,18,2,1
2004,1998,28,2,1
2004,2000,9,2,1
2004,2004,3,1,1
2004,2005,1,1,1
2004,2011,16,2,1
2004,2016,31,1,1
2004,2035,13,2,1
2004,2036,18,2,1
2004,2037,8,2,1
2004,2039,5,2,1
2004,2047,12,2,1
2004,2051,22,2,1
2004,2053,11,2,1
2004,2054,17,1,1
2004,2055,13,2,1
2004,2068,3,2,1
2004,2069,4,1,1
2004,2070,42,1,1
2004,2085,8,1,1
2004,2093,23,1,1
2004,2094,19,1,1
2004,2096,4,1,1
2004,2114,62,2,1
2004,2119,19,2,1
2004,2120,8,2,1
2004,2124,22,1,1
2004,2125,4,2,1
2004,2128,2,1,1
2004,2130,1,1,1
2004,2131,44,2,1
2004,2133,57,1,1
2004,2145,17,2,1
2004,2154,7,2,1
2004,2155,20,1,1
2004,2156,40,2,1
2004,2160,2,1,1
2004,2163,1,2,1
2004,2164,1,1,1
2004,2188,3,2,1
2004,2189,10,1,1
2004,2191,48,2,1
2004,2192,35,1,1
2004,2193,6,1,1
2004,2194,13,1,1
2004,2206,9,2,1
2004,2211,4,1,1
2004,2217,21,1,1
2004,2234,22,2,1
2004,2238,5,1,1
2004,2240,64,2,1
2004,2246,1,2,1
2004,2252,24,1,1
2004,2253,34,2,1
2004,2267,2,1,1
2004,2268,4,2,1
2004,2269,12,1,1
2004,2279,1,1,1
2004,2295,2,1,1
2004,2298,20,1,1
2004,2300,32,1,1
2004,2301,1,1,1
2004,2302,7,1,1
2004,2303,1,1,1
2004,2304,26,1,1
2004,2309,1,1,1
2004,2310,1,1,1
2004,2312,2,1,1
2004,2320,1,2,1
2004,2322,4,1,1
2004,2324,2,2,1
2004,2326,23,1,1
2004,2345,11,2,1
2004,2346,1,2,1
2004,2379,3,2,1
2004,2381,28,2,1
2004,2382,13,2,1
2004,2383,5,2,1
2004,2384,7,1,1
2004,2417,2,1,1
2004,2419,1,1,1
2004,2420,5,1,1
2004,2434,2,2,1
2004,2435,17,1,1
2004,2437,3,2,1
2004,2438,6,2,1
2004,2446,10,1,1
2004,2449,6,2,1
2004,2451,13,1,1
2004,2452,16,2,1
2004,2453,11,2,1
2004,2477,11,1,1
2004,2481,7,1,1
2004,2496,6,2,1
2004,2497,18,1,1
2004,2499,1,1,1
2004,2503,1,2,1
2004,2506,7,1,1
2004,2508,13,1,1
2004,2515,5,2,1
2004,2516,55,1,1
2004,2517,4,1,1
2004,2518,41,1,1
2004,2519,39,2,1
2004,2520,2,1,1
2004,2524,32,2,1
2004,2526,24,1,1
2004,2530,23,2,1
2004,2531,10,2,1
2004,2532,1,1,1
2004,2534,1,1,1
2004,2535,3,1,1
2004,2538,9,1,1
2004,2539,2,2,1
2004,2540,1,1,1
2004,2541,42,1,1
2004,2542,32,1,1
2004,2543,17,2,1
2004,2549,2,1,1
2004,2550,104,2,1
2004,2551,20,2,1
2004,2552,4,2,1
2004,2563,93,2,1
2004,2576,18,1,1
2004,2578,1,1,1
2004,2579,7,2,1
2004,2584,7,2,1
2004,2587,2,1,1
2004,2602,5,1,1
2004,2603,3,1,1
2004,2605,1,2,1
2004,2606,2,2,1
2004,2611,14,2,1
2004,2616,6,2,1
2004,2617,15,1,1
2004,2618,10,2,1
2004,2623,37,1,1
2004,2628,5,2,1
2004,2633,26,1,1
2004,2636,41,2,1
2004,2637,4,1,1
2004,2644,2,1,1
2004,2648,17,1,1
2004,2652,29,2,1
2004,2667,51,1,1
2004,2671,1,2,1
2004,2682,5,2,1
2004,2683,32,1,1
2004,2684,21,1,1
2004,2686,12,2,1
2004,2688,16,2,1
2004,2689,21,2,1
2004,2692,36,2,1
2004,2694,99,1,1
2004,2695,29,2,1
2004,2710,6,1,1
2004,2714,41,2,1
2004,2715,12,2,1
2004,2717,1,1,1
2004,2718,7,1,1
2004,2722,235,1,1
2004,2724,13,1,1
2004,2730,1,1,1
2004,2731,26,1,1
2004,2736,4,2,1
2004,2739,3,2,1
2004,2748,57,1,1
2004,2750,28,2,1
2004,2757,6,1,1
2004,2758,1,1,1
2004,2759,7,1,1
2004,2760,7,2,1
2004,2761,15,1,1
2004,2763,14,1,1
2004,2767,6,2,1
2004,2768,1,2,1
2004,2775,52,1,1
2004,2776,92,2,1
2004,2777,4,1,1
2004,2792,2,1,1
2004,2797,1,1,1
2004,2801,73,2,1
2004,2815,56,1,1
2004,2817,24,1,1
2004,2818,68,1,1
2004,2820,4,2,1
2004,2821,16,1,1
2004,2825,11,1,1
2004,2829,85,2,1
2004,2831,41,1,1
2004,2840,9,1,1
2004,2841,6,2,1
2004,2842,2,2,1
2004,2844,3,2,1
2004,2847,9,1,1
2004,2849,9,2,1
2004,2850,112,1,1
2004,2854,19,1,1
2004,2858,12,1,1
2004,2859,41,1,1
2004,2861,87,2,1
2004,2863,8,1,1
2004,2864,6,1,1
2004,2866,56,1,1
2004,2869,13,1,1
2004,2873,9,2,1
2004,2874,2,1,1
2004,2887,10,1,1
2004,2889,5,2,1
2004,2890,9,1,1
2004,2892,1,1,1
2004,2897,3,2,1
2004,2898,8,2,1
2004,2900,17,1,1
2004,2901,7,1,1
2004,2903,10,2,1
2004,2906,2,2,1
2004,2907,30,2,1
2004,2909,1,2,1
2004,2914,40,1,1
2004,2916,23,1,1
2004,2919,32,2,1
2004,2922,1,1,1
2004,2923,7,2,1
2004,2925,2,1,1
2004,2929,27,1,1
2004,2935,1,1,1
2004,2954,16,2,1
2004,2960,55,1,1
2004,2962,5,2,1
2004,2963,6,1,1
2004,2964,14,2,1
2004,2965,4,1,1
2004,2966,10,2,1
2004,2971,18,1,1
2004,2972,14,2,1
2004,2993,6,1,1
2004,2995,2,2,1
2004,3000,1,1,1
2004,3005,4,1,1
2004,3006,9,2,1
2004,3008,9,1,1
2004,3010,3,2,1
2004,3016,19,2,1
2004,3020,19,2,1
2004,3026,15,1,1
2004,3027,50,1,1
2004,3038,24,2,1
2004,3039,11,2,1
2004,3040,47,2,1
2004,3043,5,1,1
2004,3048,13,2,1
2004,3051,44,2,1
2004,3054,13,2,1
2004,3055,25,1,1
2004,3056,1,1,1
2004,3058,1,1,1
2004,3061,17,2,1
2004,3062,24,2,1
2004,3066,9,1,1
2004,3069,3,1,1
2004,3078,32,2,1
2004,3079,20,2,1
2004,3094,4,1,1
2004,3098,13,1,1
2004,3100,9,2,1
2004,3102,6,2,1
2004,3103,5,1,1
2004,3104,8,1,1
2004,3109,9,2,1
2004,3126,35,2,1
2004,3132,2,1,1
2004,3134,45,2,1
2004,3136,62,2,1
2004,3137,5,1,1
2004,3139,4,1,1
2004,3140,49,1,1
2004,3141,6,2,1
2004,3142,14,2,1
2004,3144,10,2,1
2004,3147,3,2,1
2004,3152,13,1,1
2004,3157,4,2,1
2004,3161,18,1,1
2004,3162,1,2,1
2004,3164,6,1,1
2004,3172,33,2,1
2004,3173,101,2,1
2004,3174,42,1,1
2004,3175,47,1,1
2004,3177,36,1,1
2004,3182,20,1,1
2004,3190,3,2,1
2004,3194,5,1,1
2004,3199,2,1,1
2004,3204,16,2,1
2004,3207,21,2,1
2004,3208,11,1,1
2004,3225,2,2,1
2004,3227,8,1,1
2004,3229,1,2,1
2004,3230,20,1,1
2004,3232,9,2,1
2004,3234,24,1,1
2004,3237,2,2,1
2004,3241,6,1,1
2004,3246,1,1,1
2004,3247,108,1,1
2004,3251,9,1,1
2004,3255,20,1,1
2004,3262,4,2,1
2004,3267,4,2,1
2004,3268,5,2,1
2004,3269,7,1,1
2004,3270,13,1,1
2004,3271,11,1,1
2004,3273,42,1,1
2004,3274,261,1,1
2004,3275,25,1,1
2004,3276,8,2,1
2004,3281,17,2,1
2004,3284,6,1,1
2004,3285,29,2,1
2004,3290,2,1,1
2004,3298,5,2,1
2004,3299,1,1,1
2004,3300,8,2,1
2004,3301,5,1,1
2004,3308,36,2,1
2004,3315,16,1,1
2004,3316,41,1,1
2004,3317,12,2,1
2004,3318,1,1,1
2004,3319,7,2,1
2004,3321,1,1,1
2004,3325,17,2,1
2004,3347,24,1,1
2004,3348,33,2,1
2004,3378,12,1,1
2004,3389,9,1,1
2004,3393,3,1,1
2004,3394,19,1,1
2004,3397,1,1,1
2004,3401,14,2,1
2004,3403,14,2,1
2004,3409,11,1,1
2004,3414,12,2,1
2004,3423,125,2,1
2004,3424,2,1,1
2004,3425,29,2,1
2004,3426,4,1,1
2004,3427,45,1,1
2004,3431,6,2,1
2004,3435,4,1,1
2004,3454,3,1,1
2004,3460,1,2,1
2004,3474,28,1,1
2004,3476,1,1,1
2004,3480,1,2,1
2004,3482,5,1,1
2004,3483,1,1,1
2004,3487,49,2,1
2004,3488,2,2,1
2004,3498,1,1,1
2004,3504,4,1,1
2004,3508,13,1,1
2004,3512,31,1,1
2004,3518,10,2,1
2004,3529,17,2,1
2004,3549,24,2,1
2004,3550,4,2,1
2004,3551,4,1,1
2004,3554,21,1,1
2004,3555,14,1,1
2004,3558,27,1,1
2004,3559,16,2,1
2004,3560,13,2,1
2004,3565,4,1,1
2004,3567,6,2,1
2004,3568,2,2,1
2004,3571,39,2,1
2004,3572,5,1,1
2004,3573,23,1,1
2004,3579,3,1,1
2004,3581,7,1,1
2004,3588,1,1,1
2004,3594,8,2,1
2004,3597,3,1,1
2004,3601,12,1,1
2004,3602,8,2,1
2004,3606,10,1,1
2004,3610,3,1,1
2004,3616,4,1,1
2004,3617,8,1,1
2004,3618,13,2,1
2004,3623,3,1,1
2004,3625,1,2,1
2004,3634,4,1,1
2004,3636,5,2,1
2004,3638,22,2,1
2004,3640,1,2,1
2004,3643,22,1,1
2004,3655,1,2,1
2004,3656,123,2,1
2004,3660,20,1,1
2004,3661,1,2,1
2004,3662,24,1,1
2004,3663,11,1,1
2004,3670,6,2,1
2004,3671,1,1,1
2004,3672,155,2,1
2004,3673,35,2,1
2004,3674,20,1,1
2004,3678,11,1,1
2004,3679,2,1,1
2004,3684,3,1,1
2004,3687,3,2,1
2004,3695,16,2,1
2004,3698,9,2,1
2004,3699,9,2,1
2004,3700,9,2,1
2004,3701,1,1,1
2004,3702,5,2,1
2004,3703,9,1,1
2004,3708,21,1,1
2004,3709,4,1,1
2004,3719,1,1,1
2004,3725,29,2,1
2004,3726,48,2,1
2004,3729,4,1,1
2004,3731,35,2,1
2004,3732,32,1,1
2004,3734,1,2,1
2004,3751,1,1,1
2004,3753,2,1,1
2004,3755,3,2,1
2004,3764,11,2,1
2004,3765,2,2,1
2004,3778,4,2,1
2004,3801,443,1,1
2004,3804,10,1,1
2004,3806,29,2,1
2004,3813,24,2,1
2004,3819,1,1,1
2004,3822,1,2,1
2004,3826,10,1,1
2004,3827,8,2,1
2004,3828,9,2,1
2004,3833,19,2,1
2004,3835,10,2,1
2004,3836,81,2,1
2004,3843,10,2,1
2004,3848,4,2,1
2004,3851,1,2,1
2004,3853,40,2,1
2004,3854,26,1,1
2004,3868,1,1,1
2004,3871,1,2,1
2004,3872,1,1,1
2004,3878,1,1,1
2004,3879,1,2,1
2004,3882,12,1,1
2004,3885,19,1,1
2004,3888,43,1,1
2004,3892,6,1,1
2004,3893,15,1,1
2004,3899,63,2,1
2004,3900,6,2,1
2004,3905,20,1,1
2004,3909,4,1,1
2004,3914,5,1,1
2004,3918,6,1,1
2004,3919,3,2,1
2004,3925,5,2,1
2004,3926,22,1,1
2004,3927,4,1,1
2004,3928,13,2,1
2004,3938,27,2,1
2004,3939,6,2,1
2004,3944,7,1,1
2004,3948,4,1,1
2004,3962,123,2,1
2004,3966,3,2,1
2004,3969,11,1,1
2004,3982,22,1,1
2004,3983,43,1,1
2004,3986,1,2,1
2004,3992,3,1,1
2004,3997,1,2,1
2004,4000,26,1,1
2004,4002,9,2,1
2004,4003,11,1,1
2004,4004,4,2,1
2004,4005,1,2,1
2004,4009,1,2,1
2004,4010,1,2,1
2004,4012,4,2,1
2004,4017,22,2,1
2004,4019,30,2,1
2004,4020,24,1,1
2004,4024,8,2,1
2004,4033,7,1,1
2004,4034,11,1,1
2004,4037,32,2,1
2004,4039,1,2,1
2004,4041,23,2,1
2004,4043,15,2,1
2004,4046,84,1,1
2004,4047,52,2,1
2004,4048,31,1,1
2004,4049,20,2,1
2004,4063,18,2,1
2004,4064,40,1,1
2004,4069,64,1,1
2004,4071,60,2,1
2004,4072,23,1,1
2004,4073,37,2,1
2004,4080,5,1,1
2004,4083,1,2,1
2004,4084,1,1,1
2004,4085,2,1,1
2004,4088,9,1,1
2004,4089,2,2,1
2004,4091,7,2,1
2004,4092,6,2,1
2004,4095,5,2,1
2004,4096,1,1,1
2004,4104,5,2,1
2004,4113,27,1,1
2004,4121,50,2,1
2004,4122,8,1,1
2004,4123,12,1,1
2004,4124,30,2,1
2004,4125,27,2,1
2004,4126,21,2,1
2004,4142,1,2,1
2004,4144,18,1,1
2004,4145,2,1,1
2004,4154,19,1,1
2004,4155,1,2,1
2004,4160,20,1,1
2004,4165,5,2,1
2004,4167,23,1,1
2004,4169,22,2,1
2004,4171,6,1,1
2004,4174,2,2,1
2004,4175,4,2,1
2004,4176,2,2,1
2004,4182,3,1,1
2004,4188,5,2,1
2004,4206,19,2,1
2004,4208,38,2,1
2004,4214,1,1,1
2004,4216,2,2,1
2004,4217,1,1,1
2004,4219,2,1,1
2004,4220,3,1,1
2004,4225,1,2,1
2004,4231,1,1,1
2004,4232,7,2,1
2004,4233,6,1,1
2004,4240,6,1,1
2004,4241,6,1,1
2004,4242,44,1,1
2004,4246,5,1,1
2004,4247,15,2,1
2004,4254,420,1,1
2004,4255,4,2,1
2004,4274,2,2,1
2004,4277,5,1,1
2004,4282,21,1,1
2004,4283,1,2,1
2004,4284,7,2,1
2004,4286,3,2,1
2004,4290,2,2,1
2004,4291,1,2,1
2004,4292,19,1,1
2004,4297,7,1,1
2004,4301,20,2,1
2004,4305,6,2,1
2004,4307,13,1,1
2004,4308,7,1,1
2004,4312,6,1,1
2004,4313,1,1,1
2004,4314,3,1,1
2004,4315,2,2,1
2004,4317,3,1,1
2004,4318,3,1,1
2004,4324,2,1,1
2004,4329,3,2,1
2004,4336,34,2,1
2004,4338,8,1,1
2004,4343,5,1,1
2004,4345,6,1,1
2004,4348,1,2,1
2004,4349,7,2,1
2004,4355,14,2,1
2004,4356,6,1,1
2004,4358,51,2,1
2004,4361,16,2,1
2004,4364,3,2,1
2004,4365,3,1,1
2004,4367,19,2,1
2004,4368,17,2,1
2004,4373,26,2,1
2004,4375,28,2,1
2004,4376,2,2,1
2004,4383,5,2,1
2004,4385,1,2,1
2004,4392,17,2,1
2004,4405,6,2,1
2004,4413,1,1,1
2004,4414,4,1,1
2004,4419,8,1,1
2004,4429,6,1,1
2004,4438,50,2,1
2004,4442,25,1,1
2004,4443,12,1,1
2004,4447,5,1,1
2004,4448,29,1,1
2004,4456,6,2,1
2004,4457,30,1,1
2004,4460,10,1,1
2004,4461,1,2,1
2004,4464,4,2,1
2004,4466,29,2,1
2004,4467,7,1,1
2004,4473,3,1,1
2004,4479,9,2,1
2004,4480,5,2,1
2004,4481,40,2,1
2004,4489,5,1,1
2004,4492,7,1,1
2004,4493,9,2,1
2004,4494,12,1,1
2004,4498,14,2,1
2004,4500,1,2,1
2004,4505,20,1,1
2004,4508,15,2,1
2004,4512,8,1,1
2004,4515,2,2,1
2004,4519,2,2,1
2004,4526,5,1,1
2004,4533,30,2,1
2004,4534,15,1,1
2004,4535,3,1,1
2004,4545,3,1,1
2004,4548,59,2,1
2004,4549,47,1,1
2004,4552,2,1,1
2004,4555,2,2,1
2004,4565,17,2,1
2004,4571,6,2,1
2004,4573,1,2,1
2004,4578,9,2,1
2004,4587,15,2,1
2004,4602,2,1,1
2004,4606,2,2,1
2004,4607,1,2,1
2004,4608,6,2,1
2004,4609,1,2,1
2004,4610,4,2,1
2004,4611,7,2,1
2004,4612,1,1,1
2004,4617,2,1,1
2004,4618,3,1,1
2004,4619,1,2,1
2004,4621,2,1,1
2004,4622,4,2,1
2004,4625,20,2,1
2004,4631,32,1,1
2004,4633,41,1,1
2004,4634,3,2,1
2004,4649,21,1,1
2004,4651,25,2,1
2004,4652,19,1,1
2004,4665,3,2,1
2004,4669,7,1,1
2004,4673,10,2,1
2004,4674,2,2,1
2004,4676,13,2,1
2004,4687,6,2,1
2004,4688,6,2,1
2004,4690,30,1,1
2004,4693,2,1,1
2004,4697,8,2,1
2004,4709,7,1,1
2004,4710,58,2,1
2004,4747,28,1,1
2004,4750,60,1,1
2004,4753,28,2,1
2004,4754,1,2,1
2004,4768,11,1,1
2004,4770,1,1,1
2004,4782,5,2,1
2004,4783,1,2,1
2004,4785,1,2,1
2004,4793,1,1,1
2004,4797,2,1,1
2004,4798,5,1,1
2004,4800,1,2,1
2004,4802,9,2,1
2004,4803,17,1,1
2004,4807,1,2,1
2004,4808,1,2,1
2004,4809,5,2,1
2004,4814,7,2,1
2004,4817,1,1,1
2004,4821,1,2,1
2004,4822,30,2,1
2004,4827,45,1,1
2004,4838,6,2,1
2004,4839,26,2,1
2004,4848,3,1,1
2004,4855,3,2,1
2004,4859,1,1,1
2004,4860,10,2,1
2004,4865,2,1,1
2004,4867,2,1,1
2004,4872,33,1,1
2004,4876,15,2,1
2004,4877,1,2,1
2004,4879,5,1,1
2004,4880,1,1,1
2004,4889,9,1,1
2004,4893,2,2,1
2004,4899,30,1,1
2004,4901,3,2,1
2004,4905,3,1,1
2004,4906,6,1,1
2004,4911,11,1,1
2004,4912,59,2,1
2004,4914,4,2,1
2004,4916,2,2,1
2004,4917,9,2,1
2004,4918,9,2,1
2004,4925,12,2,1
2004,4926,15,2,1
2004,4930,1,1,1
2004,4932,18,1,1
2004,4935,3,1,1
2004,4948,7,2,1
2004,4951,1,2,1
2004,4953,1,1,1
2004,4959,2,1,1
2004,4965,4,2,1
2004,4969,2,2,1
2004,4974,3,1,1
2004,4975,1,1,1
2004,4976,1,2,1
2004,4977,35,2,1
2004,4979,8,1,1
2004,4982,4,1,1
2004,4991,4,1,1
2004,4992,1,1,1
2004,5000,9,1,1
2004,5003,3,2,1
2004,5004,11,1,1
2004,5005,2,2,1
2004,5012,1,1,1
2004,5019,31,2,1
2004,5026,3,1,1
2004,5027,12,1,1
2004,5034,2,1,1
2004,5036,20,2,1
2004,5037,1,1,1
2004,5045,29,2,1
2004,5048,2,1,1
2004,5056,12,1,1
2004,5058,1,1,1
2004,5062,18,2,1
2004,5067,7,2,1
2004,5072,6,2,1
2004,5076,2,2,1
2004,5079,24,2,1
2004,5087,3,1,1
2004,5091,8,1,1
2004,5093,13,2,1
2004,5098,29,1,1
2004,5103,3,2,1
2004,5116,25,1,1
2004,5118,1,2,1
2004,5119,13,1,1
2004,5122,1,2,1
2004,5124,2,1,1
2004,5125,1,1,1
2004,5129,1,1,1
2004,5131,14,2,1
2004,5133,5,2,1
2004,5135,11,2,1
2004,5136,3,1,1
2004,5141,9,1,1
2004,5144,2,1,1
2004,5152,3,1,1
2004,5161,3,1,1
2004,5164,2,1,1
2004,5166,2,1,1
2004,5167,8,1,1
2004,5169,10,1,1
2004,5170,7,2,1
2004,5173,5,2,1
2004,5176,1,2,1
2004,5178,2,1,1
2004,5179,1,1,1
2004,5181,1,1,1
2004,5182,10,1,1
2004,5183,3,1,1
2004,5185,7,1,1
2004,5198,6,1,1
2004,5200,19,2,1
2004,5202,2,2,1
2004,5220,1,1,1
2004,5224,3,2,1
2004,5227,1,2,1
2004,5228,1,1,1
2004,5234,22,2,1
2004,5235,2,2,1
2004,5244,1,1,1
2004,5247,17,1,1
2004,5249,2,2,1
2004,5261,1,2,1
2004,5262,2,2,1
2004,5263,5,2,1
2004,5267,3,1,1
2004,5269,4,1,1
2004,5274,17,1,1
2004,5278,1,1,1
2004,5284,2,1,1
2004,5300,10,1,1
2004,5303,4,2,1
2004,5305,8,2,1
2004,5306,22,2,1
2004,5307,6,2,1
2004,5308,7,1,1
2004,5313,2,1,1
2004,5314,1,1,1
2004,5315,5,2,1
2004,5316,13,1,1
2004,5319,3,2,1
2004,5321,4,2,1
2004,5329,1,1,1
2004,5341,21,1,1
2004,5362,49,2,1
2004,5364,10,2,1
2004,5380,11,1,1
2004,5382,39,1,1
2004,5386,85,2,1
2004,5394,1,2,1
2004,5415,2,2,1
2004,5486,1,1,1
2004,5501,10,1,1
2004,5507,23,2,1
2004,5512,19,1,1
2004,5563,1,2,1
2004,5565,1,2,1
2004,5569,1,2,1
2004,5573,1,1,1
2004,5576,1,1,1
2004,5588,1,2,1
2004,5636,14,2,1
2004,5637,27,1,1
2004,5639,205,2,1
2004,5643,5,1,1
2004,5646,8,2,1
2004,5653,5,2,1
2004,5672,122,1,1
2004,5689,22,1,1
2004,5710,24,1,1
2004,5754,30,1,1
2004,5760,2,1,1
2004,5781,1,2,1
2004,5787,1,2,1
2004,5791,45,1,1
2004,5795,82,1,1
2004,5799,54,1,1
2004,5813,3,2,1
2004,5814,47,2,1
2004,5826,14,1,1
2004,5898,50,2,1
2004,5937,21,2,1
2004,5971,28,1,1
2004,5982,44,2,1
2004,5984,14,1,1
2004,5986,69,2,1
2004,6024,36,1,1
2004,6026,5,2,1
2004,6030,18,2,1
2004,6094,3,2,1
2004,6095,13,1,1
2004,6096,16,1,1
2004,6101,20,1,1
2004,6106,4,1,1
2004,6107,5,1,1
2004,6108,4,2,1
2004,6110,2,1,1
2004,6112,1,2,1
2004,6116,10,1,1
2004,6117,2,1,1
2004,6118,6,2,1
2004,6119,1,1,1
2004,6120,3,1,1
2004,6121,32,2,1
2004,6123,12,1,1
2004,6124,45,1,1
2004,6126,25,2,1
2004,6127,10,2,1
2004,6128,3,2,1
2004,6135,21,2,1
2004,6136,11,1,1
2004,6137,1,1,1
2004,6138,9,1,1
2004,6140,1,1,1
2004,6142,4,2,1
2004,6147,1,1,1
2004,6148,4,1,1
2004,6149,16,2,1
2004,6163,2,1,1
2004,6182,2,2,1
2004,6185,1,2,1
2004,6186,5,2,1
2004,6187,4,2,1
2004,6188,4,1,1
2004,6196,15,1,1
2004,6233,23,2,1
2004,6240,18,2,1
2004,6244,2,2,1
2004,6257,2,1,1
2004,6274,1,2,1
2004,6277,17,1,1
2004,6310,19,2,1
2004,6311,1,1,1
2004,6336,5,2,1
2004,6349,50,2,1
2004,6364,8,2,1
2004,6379,132,1,1
2004,6402,33,2,1
2004,6404,44,2,1
2004,6419,218,1,1
2004,6427,22,2,1
2004,6436,1,1,1
2004,6439,3,1,1
2004,6453,28,2,1
2004,6460,3,2,1
2004,6465,38,1,1
2004,6468,3,2,1
2004,6476,12,2,1
2004,6523,3,1,1
2004,6525,9,1,1
2004,6528,11,1,1
2004,6536,13,1,1
2004,6537,54,1,1
2004,6539,1,1,1
2004,6543,4,2,1
2004,6544,4,1,1
2004,6558,1,2,1
2004,6560,1,1,1
2004,6564,17,2,1
2004,6565,9,1,1
2004,6567,21,2,1
2004,6591,34,2,1
2004,6608,73,2,1
2004,6612,2,2,1
2004,6623,2,2,1
2004,6634,1,1,1
2004,6641,11,1,1
2004,6646,44,2,1
2004,6647,11,2,1
2004,6649,2,1,1
2004,6650,7,2,1
2004,6654,6,2,1
2004,6655,4,2,1
2004,6657,38,2,1
2004,6659,1,1,1
2004,6660,8,1,1
2004,6666,2,1,1
2004,6671,1,1,1
2004,6684,19,2,1
2004,6685,8,2,1
2004,6686,8,2,1
2004,6690,10,1,1
2004,6699,46,2,1
2004,6709,17,1,1
2004,6723,1,2,1
2004,6753,8,2,1
2004,6756,60,2,1
2004,6834,23,1,1
2004,7024,1,1,1
2004,7026,17,2,1
2004,7065,5,1,1
2004,7103,13,2,1
2004,7110,13,1,1
2004,7112,3,1,1
2004,7116,6,2,1
2004,7126,22,1,1
2004,7150,7,2,1
2004,7175,13,1,1
2004,7178,6,2,1
2004,7183,2,1,1
2004,7186,2,2,1
2004,7187,14,1,1
2004,7191,6,1,1
2004,7198,9,2,1
2004,7202,1,1,1
2004,7205,5,2,1
2004,7206,6,1,1
2004,7214,4,1,1
2004,7219,8,2,1
2004,7224,4,2,1
2004,7227,2,1,1
2004,7235,2,2,1
2004,7236,1,2,1
2004,7237,3,2,1
2004,7245,7,1,1
2004,7247,26,1,1
2004,7251,44,1,1
2004,7255,33,2,1
2004,7257,13,2,1
2004,7258,13,2,1
2004,7286,20,1,1
2004,7304,157,1,1
2004,7305,9,1,1
2004,7306,28,1,1
2004,7308,1,1,1
2004,7311,1,2,1
2004,7315,24,2,1
2004,7317,1,2,1
2004,7320,15,1,1
2004,7321,5,1,1
2004,7323,4,2,1
2004,7328,2,2,1
2004,7330,2,1,1
2004,7331,5,2,1
2004,7340,2,2,1
2004,7342,4,1,1
2004,7344,5,1,1
2004,7345,4,1,1
2004,7348,9,2,1
2004,7350,24,1,1
2004,7360,7,1,1
2004,7367,33,1,1
2004,7381,15,1,1
2004,7400,7,2,1
2004,7401,10,2,1
2004,7406,26,2,1
2004,7425,1,1,1
2004,7435,20,1,1
2004,7436,15,2,1
2004,7438,1,2,1
2004,7446,1,2,1
2004,7480,32,1,1
2004,7485,12,1,1
2004,7497,8,1,1
2004,7512,3,1,1
2004,7514,16,1,1
2004,7543,45,2,1
2004,7561,11,1,1
2004,7566,6,2,1
2004,7567,96,1,1
2004,7570,90,1,1
2004,7590,22,2,1
2004,7610,8,1,1
2004,7662,213,2,1
2004,7687,15,1,1
2004,7690,6,2,1
2004,7705,55,2,1
2004,7710,2,2,1
2004,7717,5,2,1
2004,7720,9,1,1
2004,7732,20,2,1
2004,7740,12,2,1
2004,7747,16,2,1
2004,7750,32,2,1
2004,7751,3,1,1
2004,7759,34,1,1
2004,7762,14,1,1
2004,7764,3,1,1
2004,7772,1,2,1
2004,7777,1,1,1
2004,7795,23,2,1
2004,7796,39,2,1
2004,7799,7,2,1
2004,7800,1,1,1
2004,7801,1,1,1
2004,7815,48,2,1
2004,7816,5,1,1
2004,7830,1,1,1
2004,7855,1,1,1
2004,7900,2,1,1
2004,7905,7,2,1
2004,7918,4,1,1
2004,7922,7,1,1
2004,7943,1,2,1
2004,7945,12,1,1
2004,7995,1,1,1
2004,8026,65,2,1
2004,8030,34,2,1
2004,8044,2,1,1
2004,8077,3,1,1
2004,8089,11,1,1
2004,8114,20,1,1
2004,8118,1,1,1
2004,8122,10,2,1
2004,8123,6,1,1
2004,8124,18,2,1
2004,8145,16,1,1
2004,8181,10,2,1
2004,8188,24,2,1
2004,8189,2,2,1
2004,8192,1,2,1
2004,8193,1,1,1
2004,8210,7,1,1
2004,8212,2,1,1
2004,8258,6,1,1
2004,8310,7,1,1
2004,8311,38,1,1
2004,8313,2,1,1
2004,8325,2,2,1
2004,8329,17,1,1
2004,8346,7,2,1
2004,8353,10,1,1
2004,8357,9,2,1
2004,8370,27,2,1
2004,8375,2,2,1
2004,8377,14,1,1
2004,8385,1,1,1
2004,8390,9,2,1
2004,8399,1,1,1
2004,8405,1,1,1
2004,8419,4,1,1
2004,8431,3,2,1
2004,8455,3,2,1
2004,8483,39,1,1
2004,8485,40,2,1
2004,8492,1,2,1
2004,8493,14,2,1
2004,8498,8,2,1
2004,8502,25,2,1
2004,8510,92,2,1
2004,8526,15,2,1
2004,8564,14,2,1
2004,8567,19,1,1
2004,8575,10,2,1
2004,8577,21,2,1
2004,8579,8,2,1
2004,8586,11,1,1
2004,8589,6,2,1
2004,8606,8,1,1
2004,8621,16,1,1
2004,8623,91,1,1
2004,8634,5,2,1
2004,8635,5,1,1
2004,8657,8,1,1
2004,8669,43,1,1
2004,8675,25,1,1
2004,8696,5,2,1
2004,8697,16,2,1
2004,8708,6,2,1
2004,8719,32,1,1
2004,8740,26,2,1
2004,8742,1,1,1
2004,8743,6,1,1
2004,8776,38,2,1
2004,8786,3,2,1
2004,8787,2,2,1
2004,8825,163,1,1
2004,8837,5,2,1
2004,8855,5,2,1
2004,8875,2,1,1
2004,8914,3,2,1
2004,8925,5,2,1
2004,8936,8,2,1
2004,8938,22,2,1
2004,8939,14,1,1
2004,9005,11,1,1
2004,9034,26,1,1
2004,9052,7,2,1
2004,9061,16,2,1
2004,9065,12,2,1
2004,9131,53,1,1
2004,9144,20,1,1
2004,9170,2,1,1
2004,9225,5,1,1
2004,9240,2,1,1
2004,9261,27,2,1
2004,9277,2,2,1
2004,9285,2,1,1
2004,9288,2,1,1
2004,9291,5,1,1
2004,9293,1,1,1
2004,9294,1,1,1
2004,9297,8,2,1
2004,9301,1,2,1
2004,9312,76,2,1
2004,9315,1,1,1
2004,9317,3,2,1
2004,9333,18,2,1
2004,9335,23,2,1
2004,9340,13,1,1
2004,9341,26,2,1
2004,9344,2,1,1
2004,9358,4,2,1
2004,9359,1,1,1
2004,9363,3,1,1
2004,9367,12,1,1
2004,9368,4,1,1
2004,9372,13,2,1
2004,9373,32,1,1
2004,9376,48,2,1
2004,9379,5,2,1
2004,9395,38,1,1
2004,9396,6,2,1
2004,9401,2,1,1
2004,9419,1,2,1
2004,9422,34,2,1
2004,9424,24,2,1
2004,9425,14,2,1
2004,9446,1,2,1
2004,9450,8,2,1
2004,9466,37,2,1
2004,9471,2,1,1
2004,9498,1,2,1
2004,9499,4,1,1
2004,9511,4,1,1
2004,9524,7,1,1
2004,9527,11,2,1
2004,9529,2,1,1
2004,9546,22,1,1
2004,9555,4,2,1
2004,9562,1,2,1
2004,9564,8,1,1
2004,9571,35,2,1
2004,9588,2,2,1
2004,9611,1,2,1
2004,9673,1,1,1
2004,9676,2,1,1
2004,9690,1,1,1
2004,9691,3,1,1
2004,9693,3,2,1
2004,9695,28,2,1
2004,9709,3,1,1
2004,9716,8,2,1
2004,9721,2,1,1
2004,9752,1,2,1
2004,9754,1,1,1
2004,9766,6,2,1
2004,9771,10,1,1
2004,9776,5,2,1
2004,9786,3,2,1
2004,9791,8,2,1
2004,9807,6,1,1
2004,9811,55,2,1
2004,9825,2,2,1
2004,9828,3,1,1
2004,9829,33,1,1
2004,9831,10,2,1
2004,9837,6,1,1
2004,9849,1,2,1
2004,9874,2,2,1
2004,9891,1,1,1
2004,9927,5,2,1
2004,9931,3,1,1
2004,9943,29,2,1
2004,9951,3,2,1
2004,9977,11,1,1
2004,9981,1,1,1
2004,9986,1,2,1
2004,10003,3,1,1
2004,10017,8,1,1
2004,10036,1,1,1
2004,10039,4,2,1
2004,10048,12,1,1
2004,10058,1,2,1
2004,10065,1,1,1
2004,10073,44,2,1
2004,10084,6,1,1
2004,10088,1,1,1
2004,10090,10,2,1
2004,10097,5,1,1
2004,10111,7,1,1
2004,10126,18,2,1
2004,10127,3,2,1
2004,10128,1,2,1
2004,10135,1,1,1
2004,10137,19,1,1
2004,10140,15,2,1
2004,10145,7,1,1
2004,10155,6,2,1
2004,10156,6,1,1
2004,10177,7,2,1
2004,10178,6,1,1
2004,10194,1,2,1
2004,10199,28,1,1
2004,10200,6,1,1
2004,10202,19,1,1
2004,10205,5,2,1
2004,10212,10,1,1
2004,10217,57,2,1
2004,10236,30,1,1
2004,10285,9,2,1
2004,10291,4,1,1
2004,10302,3,1,1
2004,10306,54,1,1
2004,10307,6,1,1
2004,10308,24,2,1
2004,10327,2,1,1
2004,10329,2,1,1
2004,10341,3,1,1
2004,10363,1,1,1
2004,10365,21,1,1
2004,10381,703,1,1
2004,10384,26,2,1
2004,10386,1,1,1
2004,10392,1,1,1
2004,10404,92,2,1
2004,10405,4,1,1
2004,10422,21,1,1
2004,10427,17,2,1
2004,10431,24,1,1
2004,10450,21,2,1
2004,10454,6,1,1
2004,10461,30,2,1
2004,10471,11,2,1
2004,10472,18,2,1
2004,10484,44,2,1
2004,10510,40,1,1
2004,10518,25,1,1
2004,10524,1,1,1
2004,10538,1,1,1
2004,10539,7,1,1
2004,10560,1,1,1
2004,10569,3,1,1
2004,10590,3,1,1
2004,10591,1,2,1
2004,10595,137,1,1
2004,10628,5,1,1
2004,10639,1,1,1
2004,10657,9,2,1
2004,10675,183,1,1
2004,10676,2,1,1
2004,10677,45,1,1
2004,10683,8,1,1
2004,10699,78,1,1
2004,10701,6,1,1
2004,10734,11,2,1
2004,10747,2,2,1
2004,10753,7,2,1
2004,10756,8,2,1
2004,10765,133,2,1
2004,10768,4,1,1
2004,10800,32,1,1
2004,10804,18,1,1
2004,10807,13,1,1
2004,10808,3,1,1
2004,10839,46,2,1
2004,10840,13,2,1
2004,10858,3,1,1
2004,10868,27,1,1
2004,10876,35,1,1
2004,10883,1,1,1
2004,10886,2,1,1
2004,10921,19,1,1
2004,10937,1,2,1
2004,10940,4,1,1
2004,10958,1,1,1
2004,10978,19,1,1
2004,10982,9,2,1
2004,11011,7,1,1
2004,11035,14,1,1
2004,11043,16,1,1
2004,11060,6,2,1
2004,11078,14,2,1
2004,11081,1,1,1
2004,11094,3,2,1
2004,11101,1,2,1
2004,11108,4,2,1
2004,11109,1,1,1
2004,11119,15,2,1
2004,11141,5,1,1
2004,11161,2,1,1
2004,11166,1,2,1
2004,11182,78,1,1
2004,11188,6,2,1
2004,11198,7,1,1
2004,11210,1,1,1
2004,11230,10,1,1
2004,11232,24,2,1
2004,11258,17,2,1
2004,11265,6,1,1
2004,11267,16,1,1
2004,11303,2,1,1
2004,11310,14,1,1
2004,11322,9,2,1
2004,11323,101,1,1
2004,11327,26,1,1
2004,11328,1,2,1
2004,11329,7,1,1
2004,11330,5,2,1
2004,11333,74,2,1
2004,11336,4,2,1
2004,11340,2,2,1
2004,11356,10,2,1
2004,11360,4,1,1
2004,11369,15,1,1
2004,11371,1,1,1
2004,11384,25,1,1
2004,11390,1,2,1
2004,11405,3,2,1
2004,11406,1,1,1
2004,11417,12,2,1
2004,11460,49,2,1
2004,11471,2,2,1
2004,11474,10,1,1
2004,11517,14,2,1
2004,11521,18,1,1
2004,11541,11,1,1
2004,11553,24,2,1
2004,11559,3,2,1
2004,11565,2,1,1
2004,11588,15,2,1
2004,11598,10,2,1
2004,11628,2,1,1
2004,11654,5,2,1
2004,11655,3,2,1
2004,11656,30,2,1
2004,11705,3,1,1
2004,11716,9,1,1
2004,11734,3,1,1
2004,11740,56,1,1
2004,11777,8,2,1
2004,11790,27,1,1
2004,11815,16,2,1
2004,11817,4,1,1
2004,11819,6,1,1
2004,11820,4,1,1
2004,11822,3,2,1
2004,11825,4,2,1
2004,11826,22,2,1
2004,11827,2,2,1
2004,11836,31,2,1
2004,11852,48,2,1
2004,11858,34,2,1
2004,11861,16,1,1
2004,11899,3,2,1
2004,11914,1,1,1
2004,11919,17,1,1
2004,11938,95,1,1
2004,12033,1,2,1
2004,12034,2,1,1
2004,12036,1,1,1
2004,12037,10,1,1
2004,12045,53,2,1
2004,12052,1,1,1
2004,12056,2,1,1
2004,12080,12,1,1
2004,12082,19,2,1
2004,12106,1,2,1
2004,12113,35,1,1
2004,12157,1,1,1
2004,12171,1,2,1
2004,12172,15,2,1
2004,12180,10,1,1
2004,12203,15,2,1
2004,12209,32,1,1
2004,12221,2,2,1
2004,12223,8,1,1
2004,12230,1,1,1
2004,12232,1,2,1
2004,12236,6,2,1
2004,12238,2,2,1
2004,12241,4,1,1
2004,12251,12,1,1
2004,12257,2,1,1
2004,12271,20,1,1
2004,12301,9,1,1
2004,12313,2,1,1
2004,12321,4,1,1
2004,12325,3,1,1
2004,12330,18,1,1
2004,12344,34,2,1
2004,12379,1,1,1
2004,12384,10,1,1
2004,12385,6,1,1
2004,12389,24,2,1
2004,12390,4,1,1
2004,12392,3,2,1
2004,12393,2,1,1
2004,12395,7,2,1
2004,12396,2,2,1
2004,12397,9,1,1
2004,12398,5,2,1
2004,12402,16,1,1
2004,12404,4,1,1
2004,12406,15,1,1
2004,12408,113,2,1
2004,12409,4,2,1
2004,12413,2,1,1
2004,12429,50,2,1
2004,12434,12,2,1
2004,12440,11,2,1
2004,12448,74,2,1
2004,12455,40,1,1
2004,12479,1,1,1
2004,12481,114,1,1
2004,12482,16,1,1
2004,12483,7,1,1
2004,12485,16,2,1
2004,12486,10,1,1
2004,12487,13,2,1
2004,12488,8,2,1
2004,12503,79,2,1
2004,12507,180,2,1
2004,12518,242,2,1
2004,12524,2,1,1
2004,12531,38,2,1
2004,12535,26,2,1
2004,12536,25,1,1
2004,12537,13,1,1
2004,12539,24,1,1
2004,12549,13,1,1
2004,12562,3,1,1
2004,12577,10,1,1
2004,12587,2,1,1
2004,12624,34,1,1
2004,12683,1,2,1
2004,12690,12,2,1
2004,12694,12,1,1
2004,12702,20,1,1
2004,12705,15,2,1
2004,12770,2,2,1
2004,12788,11,1,1
2004,12790,1,1,1
2004,12800,131,2,1
2004,12822,1,1,1
2004,12834,4,1,1
2004,12848,21,1,1
2004,12852,3,2,1
2004,12855,19,1,1
2004,12859,5,1,1
2004,12863,23,2,1
2004,12898,68,2,1
2004,12908,22,2,1
2004,12918,21,2,1
2004,12931,7,2,1
2004,12948,9,1,1
2004,13018,36,1,1
2004,13048,47,1,1
2004,13058,18,2,1
2004,13082,13,1,1
2004,13093,12,1,1
2004,13109,93,2,1
2004,13118,63,2,1
2004,13122,2,2,1
2004,13126,28,2,1
2004,13160,51,2,1
2004,13161,2,1,1
2004,13164,10,2,1
2004,13194,20,2,1
2004,13196,14,2,1
2004,13214,1,1,1
2004,13221,24,1,1
2004,13230,4,2,1
2004,13244,177,1,1
2004,13286,25,1,1
2004,13291,36,2,1
2004,13293,3,2,1
2004,13296,2,1,1
2004,13297,7,1,1
2004,13314,7,2,1
2004,13324,13,1,1
2004,13334,10,2,1
2004,13350,4,1,1
2004,13351,3,1,1
2004,13352,3,1,1
2004,13353,4,1,1
2004,13354,2,1,1
2004,13357,15,2,1
2004,13369,4,1,1
2004,13380,2,1,1
2004,13398,21,2,1
2004,13414,81,1,1
2004,13415,73,2,1
2004,13418,1,1,1
2004,13461,2,1,1
2004,13469,13,1,1
2004,13471,2,1,1
2004,13509,4,1,1
2004,13513,26,2,1
2004,13537,51,2,1
2004,13552,1,2,1
2004,13568,44,1,1
2004,13588,107,2,1
2004,13619,1,2,1
2004,13625,91,1,1
2004,13626,5,1,1
2004,13635,2,2,1
2004,13642,18,1,1
2004,13652,28,1,1
2004,13670,19,2,1
2004,13686,32,2,1
2004,13713,39,2,1
2004,13715,33,1,1
2004,13736,1,1,1
2004,13773,5,2,1
2004,13778,1,2,1
2004,13837,3,1,1
2004,13838,16,1,1
2004,13927,1,1,1
2004,13929,2,1,1
2004,13938,1,1,1
2004,13950,3,1,1
2004,13951,27,1,1
2004,13969,2,2,1
2004,13976,10,1,1
2004,13995,86,1,1
2004,14046,1,2,1
2004,14084,6,1,1
2004,14107,26,2,1
2004,14115,1,2,1
2004,14119,4,1,1
2004,14121,3,1,1
2004,14122,1,1,1
2004,14126,1,1,1
2004,14142,7,2,1
2004,14148,3,2,1
2004,14167,1,2,1
2004,14192,8,2,1
2004,14210,20,1,1
2004,14212,12,1,1
2004,14216,13,2,1
2004,14223,2,1,1
2004,14234,128,1,1
2004,14236,195,2,1
2004,14237,21,1,1
2004,14246,14,2,1
2004,14318,1,1,1
2004,14334,1,1,1
2004,14384,266,2,1
2004,14492,4,2,1
2004,14539,9,2,1
2004,14573,90,2,1
2004,14588,5,1,1
2004,14592,4,1,1
2004,14596,2,1,1
2004,14600,28,2,1
2004,14620,1,2,1
2004,14622,1,1,1
2004,14697,1,2,1
2004,14711,7,2,1
2004,14717,2,2,1
2004,14733,1,1,1
2004,14737,33,1,1
2004,14754,14,1,1
2004,14755,2,1,1
2004,14758,2,2,1
2004,14768,3,2,1
2004,14780,9,1,1
2004,14812,134,1,1
2004,14815,49,1,1
2004,14822,1,2,1
2004,14823,17,2,1
2004,14863,40,1,1
2004,14864,7,1,1
2004,14865,10,2,1
2004,14875,11,2,1
2004,14887,2,1,1
2004,14905,3,2,1
2004,14912,5,1,1
2004,14914,1,2,1
2004,14922,16,2,1
2004,14968,10,1,1
2004,14969,37,1,1
2004,14974,38,1,1
2004,14982,32,2,1
2004,14993,1,2,1
2004,15026,9,2,1
2004,15032,30,1,1
2004,15033,34,2,1
2004,15047,7,2,1
2004,15109,5,1,1
2004,15120,2,2,1
2004,15121,27,1,1
2004,15122,10,2,1
2004,15137,12,2,1
2004,15161,14,2,1
2004,15172,1,2,1
2004,15179,3,1,1
2004,15192,21,2,1
2004,15204,2,2,1
2004,15205,2,2,1
2004,15212,93,2,1
2004,15213,17,2,1
2004,15214,41,1,1
2004,15218,13,2,1
2004,15219,1,1,1
2004,15220,7,1,1
2004,15221,18,2,1
2004,15236,2,2,1
2004,15245,13,2,1
2004,15279,26,2,1
2004,15285,3,1,1
2004,15288,4,2,1
2004,15289,1,1,1
2004,15290,1,1,1
2004,15291,1,1,1
2004,15292,2,1,1
2004,15294,6,2,1
2004,15309,7,2,1
2004,15315,4,1,1
2004,15363,6,1,1
2004,15371,40,1,1
2004,15384,11,1,1
2004,15393,1,2,1
2004,15394,2,2,1
2004,15404,44,2,1
2004,15430,1,2,1
2004,15443,12,1,1
2004,15464,5,1,1
2004,15491,2,2,1
2004,15499,21,2,1
2004,15507,5,1,1
2004,15521,4,1,1
2004,15534,37,2,1
2004,15556,3,1,1
2004,15574,2,1,1
2004,15585,17,1,1
2004,15590,11,1,1
2004,15596,1,1,1
2004,15597,18,2,1
2004,15601,27,1,1
2004,15610,26,2,1
2004,15621,13,1,1
2004,15651,21,1,1
2004,15656,10,2,1
2004,15657,24,1,1
2004,15658,140,1,1
2004,15665,45,1,1
2004,15681,59,2,1
2004,15689,1,1,1
2004,15708,9,1,1
2004,15714,2,2,1
2004,15746,2,1,1
2004,15752,1,2,1
2004,15755,7,1,1
2004,15760,15,2,1
2004,15762,42,1,1
2004,15824,33,1,1
2004,15847,7,2,1
2004,15860,5,1,1
2004,15866,21,1,1
2004,15874,23,1,1
2004,15892,18,2,1
2004,15895,7,1,1
2004,15897,4,1,1
2004,15900,14,2,1
2004,15903,2,1,1
2004,15906,16,2,1
2004,15918,4,1,1
2004,15948,3,1,1
2004,15953,20,2,1
2004,15956,15,1,1
2004,15985,187,1,1
2004,16025,34,2,1
2004,16027,4,2,1
2004,16052,33,2,1
2004,16067,4,2,1
2004,16071,1,1,1
2004,16098,3,1,1
2004,16115,2,2,1
2004,16138,1,1,1
2004,16146,6,1,1
2004,16179,6,1,1
2004,16188,8,1,1
2004,16203,3,1,1
2004,16209,3,2,1
2004,16215,2,2,1
2004,16224,5,2,1
2004,16228,6,1,1
2004,16234,17,2,1
2004,16235,2,2,1
2004,16242,28,1,1
2004,16250,1,1,1
2004,16251,6,2,1
2004,16257,16,1,1
2004,16261,16,2,1
2004,16483,32,2,1
2004,16491,1,2,1
2004,16493,13,2,1
2004,16564,46,2,1
2004,16585,83,1,1
2004,16594,3,1,1
2004,16601,36,1,1
2004,16602,10,2,1
2004,16603,39,2,1
2004,16604,27,2,1
2004,16606,20,2,1
2004,16607,17,1,1
2004,16608,50,2,1
2004,16609,3,1,1
2004,16616,34,2,1
2004,16740,5,2,1
2004,16744,1,2,1
2004,16793,1,2,1
2004,16796,28,1,1
2004,16797,65,1,1
2004,16798,14,1,1
2004,16799,57,2,1
2004,16800,13,1,1
2004,16806,11,2,1
2004,16807,37,1,1
2004,16808,43,1,1
2004,16809,86,2,1
2004,16810,9,2,1
2004,16840,1,2,1
2004,16852,20,2,1
2004,16868,1,2,1
2004,16873,38,1,1
2004,16883,37,2,1
2004,16884,10,2,1
2004,16890,6,1,1
2004,16891,1,2,1
2004,16895,59,1,1
2004,16896,1,2,1
2004,16899,5,1,1
2004,16906,1,1,1
2004,16911,16,1,1
2004,16912,1,2,1
2004,16919,9,1,1
2004,16920,2,2,1
2004,16922,6,2,1
2004,16925,6,2,1
2004,16926,18,2,1
2004,16931,3,2,1
2004,16933,1,1,1
2004,16936,3,1,1
2004,16938,6,1,1
2004,16941,8,2,1
2004,16943,1,1,1
2004,16947,6,1,1
2004,16948,2,1,1
2004,16949,1,1,1
2004,16950,28,1,1
2004,16951,1,1,1
2004,16954,1,1,1
2004,16956,2,2,1
2004,16961,27,2,1
2004,17104,37,2,1
2004,17116,2,2,1
2004,17143,23,1,1
2004,17179,83,1,1
2004,17199,5,1,1
2004,17220,26,2,1
2004,17291,9,1,1
2004,17329,23,1,1
2004,17340,1,2,1
2004,17356,10,1,1
2004,17388,31,1,1
2004,17410,10,1,1
2004,17420,9,2,1
2004,17437,3,2,1
2004,17492,41,2,1
2004,17509,20,1,1
2004,17525,22,2,1
2004,17543,1,1,1
2004,17552,11,2,1
2004,17599,2,2,1
2004,17600,43,1,1
2004,17601,25,1,1
2004,17602,11,1,1
2004,17610,10,2,1
2004,17614,2,2,1
2004,17625,3,2,1
2004,17633,19,2,1
2004,17673,12,2,1
2004,17699,7,1,1
2004,17710,20,2,1
2004,17750,4,2,1
2004,17790,2,2,1
2004,17791,1,2,1
2004,17814,4,1,1
2004,17841,77,1,1
2004,17900,4,2,1
2004,17901,20,1,1
2004,17906,22,2,1
2004,17990,7,2,1
2004,18208,129,2,1
2004,18288,2,1,1
2004,18290,1,1,1
2004,18543,49,1,1
2004,18560,22,2,1
2004,18601,2,1,1
2004,18612,23,2,1
2004,18630,5,1,1
2004,18655,1,1,1
2004,18667,22,1,1
2004,18681,3,1,1
2004,18684,28,1,1
2004,18700,21,1,1
2004,18759,1,1,1
2004,18808,1,1,1
2004,18831,1,2,1
2004,18834,7,1,1
2004,18925,9,1,1
2004,18927,8,2,1
2004,18957,2,1,1
2004,19016,20,1,1
2004,19058,1,1,1
2004,19063,5,2,1
2004,19071,20,1,1
2004,19080,5,1,1
2004,19084,144,1,1
2004,19085,1,2,1
2004,19099,1,2,1
2004,19140,4,2,1
2004,19150,5,1,1
2004,19190,17,1,1
2004,19194,2,2,1
2004,19244,16,1,1
2004,19249,2,1,1
2004,19299,13,1,1
2004,19334,1,2,1
2004,19342,1,2,1
2004,19343,5,1,1
2004,19359,2,2,1
2004,19373,5,1,1
2004,19462,6,1,1
2004,19489,11,1,1
2004,19490,57,2,1
2004,19517,17,1,1
2004,19519,12,2,1
2004,19521,59,1,1
2004,19524,29,1,1
2004,19539,31,1,1
2004,19542,4,2,1
2004,19550,25,1,1
2004,19558,8,2,1
2004,19562,4,1,1
2004,19598,32,2,1
2004,19604,15,2,1
2004,19606,37,1,1
2004,19610,40,1,1
2004,19611,3,1,1
2004,19630,21,2,1
2004,19632,67,1,1
2004,19635,3,1,1
2004,19639,5,1,1
2004,19640,14,2,1
2004,19641,12,2,1
2004,19647,6,2,1
2004,19649,3,1,1
2004,19679,2,2,1
2004,19691,10,2,1
2004,19714,4,2,1
2004,19717,14,2,1
2004,19723,76,1,1
2004,19724,43,1,1
2004,19731,1,2,1
2004,19736,1,2,1
2004,19744,108,2,1
2004,19760,4,2,1
2004,19775,2,1,1
2004,19844,8,2,1
2004,19861,8,1,1
2004,19863,2,1,1
2004,19866,1,1,1
2004,19867,5,2,1
2004,19880,3,1,1
2004,19891,3,1,1
2004,19892,1,1,1
2004,19896,3,2,1
2004,19898,1,1,1
2004,19902,2,1,1
2004,19903,3,1,1
2004,19905,6,1,1
2004,19906,2,2,1
2004,19908,4,2,1
2004,19909,1,2,1
2004,19911,5,2,1
2004,19912,2,1,1
2004,19918,3,2,1
2004,19919,1,2,1
2004,19920,2,2,1
2004,19922,4,1,1
2004,19924,1,1,1
2004,19961,2,1,1
2004,20043,6,1,1
2004,20093,17,1,1
2004,20094,2,1,1
2004,20095,71,2,1
2004,20096,28,1,1
2004,20099,17,1,1
2004,20100,62,1,1
2004,20102,3,1,1
2004,20103,8,2,1
2004,20104,27,2,1
2004,20105,2,2,1
2004,20106,52,1,1
2004,20107,40,1,1
2004,20108,12,1,1
2004,20109,9,2,1
2004,20113,22,1,1
2004,20121,1,1,1
2004,20122,5,2,1
2004,20124,17,1,1
2004,20162,6,1,1
2004,20164,3,2,1
2004,20166,11,2,1
2004,20169,9,1,1
2004,20170,8,1,1
2004,20171,9,2,1
2004,20172,7,1,1
2004,20181,4,2,1
2004,20198,1,2,1
2004,20200,1,1,1
2004,20209,26,1,1
2004,20210,2,2,1
2004,20211,9,1,1
2004,20212,23,1,1
2004,20213,5,1,1
2004,20214,21,2,1
2004,20215,43,2,1
2004,20216,23,1,1
2004,20217,7,2,1
2004,20218,8,1,1
2004,20273,13,2,1
2004,20275,37,1,1
2004,20276,68,2,1
2004,20277,11,1,1
2004,20278,57,1,1
2004,20279,17,2,1
2004,20282,25,1,1
2004,20283,21,1,1
2004,20284,2,2,1
2004,20287,7,1,1
2004,20288,16,1,1
2004,20289,47,2,1
2004,20290,34,1,1
2004,20292,35,1,1
2004,20310,1,1,1
2004,20314,4,1,1
2004,20381,19,2,1
2004,20397,48,1,1
2004,20398,21,1,1
2004,20456,14,2,1
2004,20463,110,2,1
2004,20538,7,1,1
2004,20566,29,2,1
2004,20603,4,2,1
2004,20697,41,2,1
2004,20699,14,1,1
2004,20700,4,2,1
2004,20704,14,2,1
2004,20705,10,2,1
2004,20706,28,2,1
2004,20709,23,1,1
2004,20710,14,1,1
2004,20711,2,2,1
2004,20712,38,2,1
2004,20715,1,1,1
2004,20716,9,2,1
2004,20725,2,2,1
2004,20753,16,2,1
2004,20755,1,2,1
2004,20798,2,2,1
2004,20799,2,1,1
2004,20800,6,2,1
2004,20832,21,2,1
2004,21268,3,2,1
2004,21271,21,1,1
2004,21274,1,1,1
2004,21275,50,1,1
2004,21276,3,2,1
2004,21278,3,1,1
2004,21280,28,2,1
2004,21281,5,2,1
2004,21282,34,2,1
2004,21283,36,2,1
2004,21284,43,2,1
2004,21285,5,1,1
2004,21286,39,2,1
2004,21299,1,1,1
2004,21302,3,1,1
2004,21311,1,2,1
2004,21312,1,1,1
2004,21325,1,2,1
2004,21363,11,1,1
2004,21364,21,1,1
2004,21373,37,2,1
2004,21376,2,2,1
2004,21377,19,1,1
2004,21378,49,1,1
2004,21386,37,1,1
2004,21387,80,1,1
2004,21388,3,2,1
2004,21417,25,2,1
2004,21465,28,2,1
2004,21474,8,2,1
2004,21475,3,1,1
2004,21478,4,2,1
2004,21487,11,2,1
2004,51997,15,2,1
2004,52314,13,2,1
